{
  "label": "block4_q4_normal",
  "ssim": 0.14450420204819991,
  "pearson_r_edges": 0.10387121886014938,
  "pct_black": 20.635604858398438,
  "max_pixel_raw": 251.0,
  "mean_brightness": 0.2718197703361511
}